URL,Name,Address,Website,Business Started,Phone
https://www.bbb.org/us/wi/wausau/profile/payday-loans/xpress-cash-0694-44153054,Xpress Cash,"5920 N 39th Ave Wausau, WI 54401",https://www.xpresscashnow.com/locations-by-state/?search_state=WI&state_name=Wisconsin,3/17/2000,(608) 372-4870
https://www.bbb.org/us/wi/wausau/profile/payday-loans/xpress-cash-0694-44153054,Xpress Cash,"5920 N 39th Ave Wausau, WI 54401",https://www.xpresscashnow.com/locations-by-state/?search_state=WI&state_name=Wisconsin,3/17/2000,(608) 372-4870
https://www.bbb.org/us/wi/madison/profile/payday-loans/solomon-finance-inc-0694-44254104,"Solomon Finance, Inc.","Madison, WI 53703",N/A,N/A,N/A
https://www.bbb.org/us/wi/marshfield/profile/payday-loans/check-advance-0694-44261229,Check Advance,"208 E Upham Street Marshfield, WI 54449",N/A,N/A,N/A
https://www.bbb.org/us/wi/appleton/profile/payday-loans/mister-money-usa-of-appleton-0694-25003191,Mister Money USA of Appleton,"1933 B. N. Richmond St. Appleton, WI 54915",N/A,N/A,N/A
https://www.bbb.org/us/il/naperville/profile/payday-loans/bizcap-funding-0654-88650321,Bizcap Funding,"3108 S Route 59 STE 111 Naperville, IL 60564-7804",https://www.bizcapfunding.com,1/1/2012,(800) 983-5941
https://www.bbb.org/us/il/oak-park/profile/loans/americas-financial-choice-inc-0654-88704524,"America's Financial Choice, Inc.","2 Madison St Fl 2 Oak Park, IL 60302-4204",https://www.afchoice.com,9/1/1996,(708) 524-5000
https://www.bbb.org/us/il/elgin/profile/loans/cmk-investments-inc-0654-88019672,"CMK Investments, Inc.","1835 Larkin Ave Elgin, IL 60123-5840",https://www.allcreditlenders.biz,11/1/1999,(815) 484-0064
https://www.bbb.org/us/il/elgin/profile/loans/cmk-investments-inc-0654-88019672,"CMK Investments, Inc.","1835 Larkin Ave Elgin, IL 60123-5840",https://www.allcreditlenders.biz,11/1/1999,(815) 484-0064
https://www.bbb.org/us/il/elgin/profile/loans/cmk-investments-inc-0654-88019672,"CMK Investments, Inc.","1835 Larkin Ave Elgin, IL 60123-5840",https://www.allcreditlenders.biz,11/1/1999,(815) 484-0064
https://www.bbb.org/us/il/elgin/profile/loans/cmk-investments-inc-0654-88019672,"CMK Investments, Inc.","1835 Larkin Ave Elgin, IL 60123-5840",https://www.allcreditlenders.biz,11/1/1999,(815) 484-0064
https://www.bbb.org/us/il/elgin/profile/loans/cmk-investments-inc-0654-88019672,"CMK Investments, Inc.","1835 Larkin Ave Elgin, IL 60123-5840",https://www.allcreditlenders.biz,11/1/1999,(815) 484-0064
https://www.bbb.org/us/il/elgin/profile/loans/cmk-investments-inc-0654-88019672,"CMK Investments, Inc.","1835 Larkin Ave Elgin, IL 60123-5840",https://www.allcreditlenders.biz,11/1/1999,(815) 484-0064
https://www.bbb.org/us/wi/west-allis/profile/payday-loans/lendnation-0694-1000013561,LendNation,"2755 S. 108th Street West Allis, WI 53227",https://www.lendnation.com/location/wi/west-allis/2755-s-108th-street-0260,10/9/2012,N/A
https://www.bbb.org/us/il/round-lake-beach/profile/payday-loans/rw1-investments-llc-0654-88498528,RW1 Investments LLC,"902 E Rollins Rd Round Lake Beach, IL 60073-2247",https://www.illcashadvance.com,10/1/2010,N/A
https://www.bbb.org/us/nm/albuquerque/profile/payday-loans/checkmate-0806-42253,Checkmate,"1145 San Mateo Blvd SE Albuquerque, NM 87108-4606",https://callcheckmate.com/,6/1/1995,(505) 265-1611
https://www.bbb.org/us/il/deerfield/profile/payday-loans/title-lenders-inc-0654-88351450,"Title Lenders, Inc.","790 Estate Drive Deerfield, IL 60015-4878",https://www.usapaydayloanstore.com,6/1/1999,N/A
https://www.bbb.org/us/il/deerfield/profile/payday-loans/title-lenders-inc-0654-88351450,"Title Lenders, Inc.","790 Estate Drive Deerfield, IL 60015-4878",https://www.usapaydayloanstore.com,6/1/1999,N/A
https://www.bbb.org/us/az/tempe/profile/check-cashing-services/dollar-financial-group-1126-3002360,Dollar Financial Group,"2730 S. Hardy Drive #5 Tempe, AZ 85282",https://www.moneymart.com,5/20/1988,N/A
https://www.bbb.org/us/wa/federal-way/profile/payday-loans/national-payday-loan-service-1296-90005484,National Payday Loan Service,"33305 1st Way S Federal Way, WA 98003",N/A,N/A,N/A
https://www.bbb.org/us/ca/santa-rosa/profile/payday-loans/morin-consolidating-services-1116-874327,Morin consolidating services,"100 Stony Point Rd Ste 280 Santa Rosa, CA 95401-4156",N/A,N/A,N/A
https://www.bbb.org/us/nj/pine-brook/profile/sales-lead-generation/coinage-lenders-0221-90175944,Coinage Lenders,"30 Chapin Rd Ste 1201 Pine Brook, NJ 07058-9398",https://www.coinagelenders.com,N/A,N/A
https://www.bbb.org/us/az/phoenix/profile/payday-loans/ez-payday-cash-1126-1000023103,EZ Payday Cash,"2355 E Camelback Rd Ste 825 Phoenix, AZ 85016-9069",N/A,N/A,(480) 717-5007
https://www.bbb.org/us/ut/provo/profile/payday-loans/alpine-loan-center-1296-1000014013,Alpine Loan Center,"245 N University Ave Provo, UT 84601",N/A,N/A,N/A
https://www.bbb.org/us/ut/provo/profile/payday-loans/alpine-loan-center-1296-1000014013,Alpine Loan Center,"245 N University Ave Provo, UT 84601",N/A,N/A,N/A
https://www.bbb.org/us/id/fruitland/profile/payday-loans/xpress-cash-1296-1000016560,Xpress Cash,"1303 NW 16th St. Fruitland, ID 83619",N/A,N/A,N/A
https://www.bbb.org/us/or/portland/profile/payday-loans/cash-connection-1296-59000424,Cash Connection,"2929 SE Powell Portland, OR 97202",N/A,1/1/1989,(503) 445-0551
https://www.bbb.org/us/mo/caruthersville/profile/payday-loans/bootheel-cash-advance-0734-310566261,Bootheel Cash Advance,"898 Highway 84 W Caruthersville, MO 63851",N/A,1/1/2012,N/A
https://www.bbb.org/us/mo/mexico/profile/payday-loans/cash-2-go-0734-310590920,Cash 2 Go,"120 S Clark St Mexico, MO 65265-2773",https://www.titlecash.com/,N/A,(877) 410-9354
https://www.bbb.org/us/mo/fenton/profile/payday-loans/blue-frog-loans-0734-310608247,Blue Frog Loans,"PO Box 725 Fenton, MO 63026-0725",https://bluefrogloans.com,N/A,N/A
https://www.bbb.org/us/mo/fulton/profile/payday-loans/fulton-cash-advance-0734-310611340,Fulton Cash Advance,"1309 S Business 54 Fulton, MO 65251",N/A,N/A,N/A
https://www.bbb.org/us/mo/saint-louis/profile/loans/missouri-payday-loan-0734-310614012,Missouri Payday Loan,"5517 S. Lindbergh Blvd Saint Louis, MO 63123",N/A,N/A,N/A
https://www.bbb.org/us/il/des-plaines/profile/payday-loans/americash-loans-llc-0654-28003262,"AmeriCash Loans, L.L.C.","2400 E Devon Ave Ste 300 Des Plaines, IL 60018-4600",https://www.americashloans.net,1/1/1998,(847) 827-9740
https://www.bbb.org/us/il/des-plaines/profile/payday-loans/americash-loans-llc-0654-28003262,"AmeriCash Loans, L.L.C.","2400 E Devon Ave Ste 300 Des Plaines, IL 60018-4600",https://www.americashloans.net,1/1/1998,(847) 827-9740
https://www.bbb.org/us/il/des-plaines/profile/payday-loans/americash-loans-llc-0654-28003262,"AmeriCash Loans, L.L.C.","2400 E Devon Ave Ste 300 Des Plaines, IL 60018-4600",https://www.americashloans.net,1/1/1998,(847) 827-9740
https://www.bbb.org/us/il/des-plaines/profile/payday-loans/americash-loans-llc-0654-28003262,"AmeriCash Loans, L.L.C.","2400 E Devon Ave Ste 300 Des Plaines, IL 60018-4600",https://www.americashloans.net,1/1/1998,(847) 827-9740
https://www.bbb.org/us/il/des-plaines/profile/payday-loans/americash-loans-llc-0654-28003262,"AmeriCash Loans, L.L.C.","2400 E Devon Ave Ste 300 Des Plaines, IL 60018-4600",https://www.americashloans.net,1/1/1998,(847) 827-9740
https://www.bbb.org/us/hi/kaneohe/profile/payday-loans/ez-cash-solutions-1296-53071435,EZ Cash Solutions,"45-480 Kaneohe Bay Dr Ste D3 Kaneohe, HI 96744-2007",N/A,N/A,N/A
https://www.bbb.org/us/hi/keaau/profile/payday-loans/payday-loans-and-check-cashing-store-inc-1296-53073095,Payday Loans and Check Cashing Store Inc.,"PO Box 973 Keaau, HI 96749-0973",N/A,3/1/2011,N/A
https://www.bbb.org/us/hi/lihue/profile/payday-loans/fast-cash-international-1296-53034708,Fast Cash International,"4303 Rice St Ste B5 Lihue, HI 96766-1333",N/A,2/5/1996,N/A
https://www.bbb.org/us/hi/lihue/profile/payday-loans/fast-cash-international-1296-53034708,Fast Cash International,"4303 Rice St Ste B5 Lihue, HI 96766-1333",N/A,2/5/1996,N/A
https://www.bbb.org/us/va/virginia-beach/profile/payday-loans/easy-money-1296-53012213,Easy Money,"272 Bendix Rd Ste 500 Virginia Beach, VA 23452",https://www.easymoneynow.com,6/1/2003,(808) 955-1202
https://www.bbb.org/us/hi/honolulu/profile/payday-loans/aloha-payday-loans-1296-14001087,Aloha Payday Loans,"PO Box 22186 Honolulu, HI 96823-2186",N/A,1/5/2000,N/A
https://www.bbb.org/us/hi/wailuku/profile/pawnbroker/kamaaina-loan-1296-14001536,Kamaaina Loan,"98 N Market St Wailuku, HI 96793",https://www.kamaainaloan.com/,N/A,N/A
https://www.bbb.org/us/mo/cape-girardeau/profile/payday-loans/loyal-loans-0734-310587727,Loyal Loans,"353 Christine St Cape Girardeau, MO 63703-5828",N/A,N/A,N/A
https://www.bbb.org/us/mo/hollister/profile/payday-loans/hollister-loan-company-0734-1000009816,Hollister Loan Company,"1719 Business S. 65 Hollister, MO 65672",N/A,12/10/2001,N/A
https://www.bbb.org/us/ut/roy/profile/payday-loans/pdq-check-exchange-lc-1166-22245250,"P.D.Q. Check Exchange, L.C.","1858 W 5150 S Ste 503 Roy, UT 84067-3063",https://money4youloans.com/,8/2/1995,(801) 544-1067
https://www.bbb.org/us/ut/springville/profile/payday-loans/lend-connect-llc-1166-22294335,"Lend Connect, LLC","691 W 1200 N Ste 100 Springville, UT 84663-3089",https://www.lendconnect.net,6/8/2010,(801) 938-4660
https://www.bbb.org/us/ut/sandy/profile/payday-loans/spektrum-online-llc-1166-22309056,Spektrum Online LLC,"9980 S 300 W Ste 200 Sandy, UT 84070-3654",N/A,12/13/2010,N/A
https://www.bbb.org/us/ut/salt-lake-city/profile/payday-loans/nextday-pay-day-1166-22311595,NextDay Pay Day,"4001 S 700 E Salt Lake City, UT 84107-2177",N/A,N/A,N/A
https://www.bbb.org/us/ut/salt-lake-city/profile/payday-loans/abjt-funding-llc-1166-22313413,ABJT Funding LLC,"2150 S 1300 E Ste 500 Salt Lake City, UT 84106-4375",N/A,8/19/2011,N/A
https://www.bbb.org/us/nv/reno/profile/payday-loans/discount-title-loans-1166-90003395,Discount Title Loans,"4052 Kietzke Ln Reno, NV 89502-5031",N/A,N/A,(775) 297-3426
https://www.bbb.org/us/ut/layton/profile/payday-loans/cash-store-1166-90013802,Cash Store,"852 W Hill Field Rd Ste D Layton, UT 84041-2239",https://www.cashstore.com,4/9/2015,N/A
https://www.bbb.org/us/ut/salt-lake-city/profile/payday-loans/fastbucks-of-salt-lake-city-i-utah-llc-1166-90015675,"FastBucks of Salt Lake City I, Utah, LLC","1156 W 600 N Salt Lake City, UT 84116-2686",https://www.fastbucks.com/en/,9/20/2010,N/A
https://www.bbb.org/us/nv/elko/profile/payday-loans/e-z-cash-1166-90019757,E-Z Cash,"2503 Mountain City Hwy STE 140 Elko, NV 89801-2462",N/A,N/A,N/A
https://www.bbb.org/us/nv/reno/profile/payday-loans/elite-cash-advance-1166-90022130,Elite Cash Advance,"9120 Double Diamond Pkwy STE 3927 Reno, NV 89521-4842",N/A,N/A,N/A
https://www.bbb.org/us/nv/carson-city/profile/check-cashing-services/moneytree-inc-1166-10000416,"Moneytree, Inc.","2073 US Highway 50 E STE 5 Carson City, NV 89701-2708",https://www.moneytreeinc.com,11/1/2002,(775) 328-1000
https://www.bbb.org/us/nv/carson-city/profile/check-cashing-services/moneytree-inc-1166-10000416,"Moneytree, Inc.","2073 US Highway 50 E STE 5 Carson City, NV 89701-2708",https://www.moneytreeinc.com,11/1/2002,(775) 328-1000
https://www.bbb.org/us/nv/carson-city/profile/check-cashing-services/moneytree-inc-1166-10000416,"Moneytree, Inc.","2073 US Highway 50 E STE 5 Carson City, NV 89701-2708",https://www.moneytreeinc.com,11/1/2002,(775) 328-1000
https://www.bbb.org/us/nv/carson-city/profile/check-cashing-services/moneytree-inc-1166-10000416,"Moneytree, Inc.","2073 US Highway 50 E STE 5 Carson City, NV 89701-2708",https://www.moneytreeinc.com,11/1/2002,(775) 328-1000
https://www.bbb.org/us/wi/madison/profile/payday-loans/payday-sunny-0694-1000030251,Payday Sunny,"711 West Johnson Street, Suite 1101 Madison, WI 53701",https://www.paydaysunny.com,N/A,N/A
https://www.bbb.org/us/ut/lehi/profile/check-cashing-services/cashtree-llc-1166-22013721,"Cashtree, LLC","2940 W Maple Loop Dr Ste L02 Lehi, UT 84043-5662",https://www.cashtree.com,1/1/2004,N/A
https://www.bbb.org/us/ut/salt-lake-city/profile/payday-loans/ez-cash-1166-22027911,EZ Cash,"PO Box 65093 Salt Lake City, UT 84165-0093",N/A,12/6/2005,N/A
https://www.bbb.org/us/ut/salt-lake-city/profile/payday-loans/the-resource-center-1166-22213680,The Resource Center,"Salt Lake City, UT 84102",N/A,12/17/1996,N/A
https://www.bbb.org/us/ut/layton/profile/payday-loans/island-day-llc-1166-22214402,Island Day LLC,"476 Heritage Park Blvd Ste 200 Layton, UT 84041-5679",N/A,4/10/2007,N/A
https://www.bbb.org/us/ut/midvale/profile/check-cashing-services/cash-n-dash-1166-22215463,Cash-N-Dash,"7173 S 700 W Midvale, UT 84047-6600",N/A,N/A,(801) 292-5111
https://www.bbb.org/us/ut/provo/profile/payday-loans/247advancescom-1166-22219202,247advances.com,"Provo, UT 84604",N/A,4/14/2008,N/A
https://www.bbb.org/us/ut/ogden/profile/payday-loans/usa-cash-services-management-inc-1166-3070274,"USA Cash Services Management, Inc.","1752 Combe Rd Ste 1 Ogden, UT 84403-5069",https://www.usacashservices.com,1/1/1997,(801) 266-0811
https://www.bbb.org/us/nv/carson-city/profile/payday-loans/sun-credit-1166-90022372,Sun Credit,"1949 N Carson St Carson City, NV 89701-1218",N/A,N/A,(775) 882-9554
https://www.bbb.org/us/nv/reno/profile/payday-loans/alpine-direct-services-1166-90010693,Alpine Direct Services,"9120 Double Diamond Pkwy STE 433 Reno, NV 89521-4842",N/A,N/A,(877) 794-5562
https://www.bbb.org/us/ut/salt-lake-city/profile/loans/chekline-inc-1166-2006603,Chekline Inc.,"3460 S Redwood Rd Ste 4 Salt Lake City, UT 84119-3400",N/A,1/1/1994,(801) 622-8911
https://www.bbb.org/us/ut/tooele/profile/check-cashing-services/checkpoint-one-1166-4000531,Checkpoint One,"324 N Main St Tooele, UT 84074-1657",N/A,N/A,N/A
https://www.bbb.org/us/ca/santa-ana/profile/check-cashing-services/continental-currency-services-inc-1126-29003822,Continental Currency Services Inc,"1108 E 17th St Santa Ana, CA 92701",https://www.ccurr.com,6/30/1977,(714) 569-0300
https://www.bbb.org/us/ca/santa-ana/profile/check-cashing-services/continental-currency-services-inc-1126-29003822,Continental Currency Services Inc,"1108 E 17th St Santa Ana, CA 92701",https://www.ccurr.com,6/30/1977,(714) 569-0300
https://www.bbb.org/us/il/alton/profile/payday-loans/a-a-a-cash-loans-inc-0734-310031684,A A A Cash Loans Inc,"2801 Homer M Adams Pkwy Alton, IL 62002",N/A,N/A,N/A
https://www.bbb.org/us/mo/jackson/profile/payday-loans/cash-depot-0734-310040322,Cash Depot,"2054 Walton Dr Jackson, MO 63755-3701",https://www.cashdepotloans.com,6/21/2006,(573) 624-2029
https://www.bbb.org/us/mo/camdenton/profile/payday-loans/a-plus-cash-advance-0734-310107488,A Plus Cash Advance,"32 Camden Ct SE Camdenton, MO 65020",N/A,1/1/2007,N/A
https://www.bbb.org/us/mo/poplar-bluff/profile/consumer-finance-companies/cash-country-0734-310245538,Cash Country,"1023 S Westwood Blvd Poplar Bluff, MO 63901-6107",https://titlecash.com/,1/1/2000,N/A
https://www.bbb.org/us/mo/cape-girardeau/profile/payday-loans/cash-depot-0734-310026102,Cash Depot,"2148 William St. Cape Girardeau, MO 63703",N/A,N/A,N/A
https://www.bbb.org/us/mo/springfield/profile/payday-loans/a-a-a-payday-advance-0734-12576,A A A Payday Advance,"5051 S National #5-100 Springfield, MO 65807-4120",N/A,3/15/2004,(417) 582-2113
https://www.bbb.org/us/mo/springfield/profile/pawnbroker/b-t-pawn-0734-12578,B & T Pawn,"1526 W Division St Springfield, MO 65802-1507",N/A,8/15/1994,N/A
https://www.bbb.org/us/ok/oklahoma-city/profile/payday-loans/quick-loans-oklahoma-0995-90054577,Quick Loans Oklahoma,"123 NW 23rd St Oklahoma City, OK 73103",https://quickloansok.com,N/A,N/A
https://www.bbb.org/us/tx/victoria/profile/payday-loans/approved-money-center-0825-90113437,Approved Money Center,"Victoria, TX 77904",https://www.approvedmoneycenter.com,N/A,(361) 578-0721
https://www.bbb.org/us/tx/austin/profile/payday-loans/easy-lending-solutions-llc-0825-1000106511,"Easy Lending Solutions, LLC.","900 Ranch Road 620 S Ste 101-127 Austin, TX 78734-5615",N/A,N/A,N/A
https://www.bbb.org/us/mo/florissant/profile/mortgage-lenders/st-louis-title-loan-0734-110206379,St Louis Title Loan,"13080 New Halls Ferry Rd Florissant, MO 63033-3237",N/A,1/1/2000,(636) 940-8700
https://www.bbb.org/us/mo/florissant/profile/mortgage-lenders/st-louis-title-loan-0734-110206379,St Louis Title Loan,"13080 New Halls Ferry Rd Florissant, MO 63033-3237",N/A,1/1/2000,(636) 940-8700
https://www.bbb.org/us/il/centralia/profile/loans/cash-store-0734-110209681,Cash Store,"1015 W Broadway Centralia, IL 62801-5309",N/A,1/1/1998,(888) 950-2274
https://www.bbb.org/us/il/highland/profile/payday-loans/highland-quick-cash-0734-310012302,Highland Quick Cash,"12545 State Route 143 Ste B Highland, IL 62249-1188",https://www.highlandquickcash.com,1/1/1998,N/A
https://www.bbb.org/us/il/highland/profile/payday-loans/highland-quick-cash-0734-310012302,Highland Quick Cash,"12545 State Route 143 Ste B Highland, IL 62249-1188",https://www.highlandquickcash.com,1/1/1998,N/A
https://www.bbb.org/us/mo/springfield/profile/payday-loans/quik-cash-0734-20078,Quik Cash,"1369 E Sunshine St Springfield, MO 65804-1143",N/A,N/A,N/A
https://www.bbb.org/us/mo/springfield/profile/payday-loans/cash-country-0734-28572,Cash Country,"855 S Glenstone Ave Springfield, MO 65802-3301",N/A,N/A,N/A
https://www.bbb.org/us/mo/branson/profile/payday-loans/branson-quick-cash-0734-27912,Branson Quick Cash,"205 Veterans Blvd Branson, MO 65616-2093",N/A,N/A,N/A
https://www.bbb.org/us/mo/springfield/profile/payday-loans/rapid-cash-advance-0734-31593,Rapid Cash Advance,"3405 S Campbell Ave # C Springfield, MO 65807-5101",https://rapidcashadvance.com/,N/A,N/A
https://www.bbb.org/us/mo/west-plains/profile/payday-loans/express-lending-source-0734-32577,Express Lending Source,"1215 Missouri Ave West Plains, MO 65775-2105",N/A,N/A,N/A
https://www.bbb.org/us/mo/nixa/profile/payday-loans/premier-buffalo-farms-llc-0734-33132,Premier Buffalo Farms LLC,"660 Greer Ave Nixa, MO 65714-7637",N/A,4/2/2008,N/A
https://www.bbb.org/us/mo/marshfield/profile/payday-loans/hm-check-cashing-and-payday-loan-0734-42987,H&M. check cashing and payday loan,"900 W. Washington Marshfield, MO 65785",N/A,N/A,N/A
https://www.bbb.org/us/mo/joplin/profile/used-car-dealers/32nd-street-buy-here-pay-here-0734-45757,32nd Street Buy Here Pay Here,"2001 W 7th St Joplin, MO 64801-3249",https://www.facebook.com/32nd-Street-Buy-Here-Pay-Here-547313058785671/,9/30/2013,N/A
https://www.bbb.org/us/or/portland/profile/payday-loans/premier-membership-clubs-1296-22673337,Premier Membership Clubs,"PO Box 4120 # 36370 Portland, OR 97208-4120",https://www.pmcclub.com,4/15/2011,(818) 487-0672
https://www.bbb.org/us/il/chicago/profile/payday-loans/paydayloanusaonlinecom-1296-22679350,PaydayLoanUSAOnline.com,"41 E 8th St # P-253 Chicago, IL 60605-2168",N/A,N/A,(206) 317-1267
https://www.bbb.org/us/il/chicago/profile/payday-loans/paydayloanusaonlinecom-1296-22679350,PaydayLoanUSAOnline.com,"41 E 8th St # P-253 Chicago, IL 60605-2168",N/A,N/A,(206) 317-1267
https://www.bbb.org/us/az/mesa/profile/payday-loans/payday-loan-store-of-arizona-1126-1000000906,PayDay Loan Store of Arizona,"1210 S Country Club Dr Mesa, AZ 85210-5128",N/A,N/A,N/A
https://www.bbb.org/us/az/phoenix/profile/payday-loans/instantpaydayusacom-1126-1000002642,InstantPaydayUSA.com,"5555 N. 7th Street #203 Phoenix, AZ 85014",https://instantpaydayusa.com/loan.html,N/A,N/A
https://www.bbb.org/us/az/scottsdale/profile/payday-loans/lr-group-llc-1126-1000007221,"LR Group, LLC","8390 E. Via De Ventura F-110, PMB132 Scottsdale, AZ 85258",https://www.refunditp.com,N/A,N/A
https://www.bbb.org/us/az/phoenix/profile/payday-loans/cashmart-llc-1126-1000007719,Cashmart LLC,"4735 E. Southern Avenue Phoenix, AZ 85040",N/A,N/A,N/A
https://www.bbb.org/us/az/apache-jct/profile/title-loans/ezee-title-loans-1126-1000008049,Ezee Title Loans,"1151 W Apache Trl Apache Jct, AZ 85120-5402",N/A,N/A,(480) 288-5526
https://www.bbb.org/us/az/tempe/profile/payday-loans/cash-plus-1126-1000012498,Cash Plus,"831 East Guadalupe Road Tempe, AZ 85283",N/A,N/A,N/A
https://www.bbb.org/us/az/scottsdale/profile/sales-lead-generation/blue-global-media-1126-1000016699,Blue Global Media,"7302 E. Helm Drive #1004 Scottsdale, AZ 85260-3185",N/A,N/A,N/A
https://www.bbb.org/us/ak/anchorage/profile/payday-loans/moneyworks-inc-1296-22022930,MoneyWorks Inc,"545 E Northern Lights Blvd Ste A Anchorage, AK 99503-2839",N/A,12/1/2004,(866) 481-6669
https://www.bbb.org/us/ak/fairbanks/profile/payday-loans/advance-til-payday-1296-22030886,Advance Til Payday,"1408B S Cushman St Fairbanks, AK 99711",N/A,N/A,N/A
https://www.bbb.org/us/wa/edmonds/profile/loans/mikes-cash-tree-1296-22037402,Mike's Cash Tree,"23221 Edmond's Way Edmonds, WA 98026-8644",N/A,8/1/2001,(425) 778-5339
https://www.bbb.org/us/ak/fairbanks/profile/credit-union/spirit-of-alaska-federal-credit-union-1296-22052351,Spirit of Alaska Federal Credit Union,"1417 Gillam Way Fairbanks, AK 99701-6043",https://www.spiritofak.com,1/1/1984,(907) 459-5970
https://www.bbb.org/us/ca/kelseyville/profile/check-cashing-services/cash-advance-1116-363385,Cash Advance,"1160 11th Avenue Kelseyville, CA 95451",N/A,N/A,(352) 505-8668
https://www.bbb.org/us/ca/stockton/profile/payday-loans/payroll-loans-1156-90003467,Payroll Loans,"3538 Manthey Rd # D Stockton, CA 95206-5304",N/A,1/1/2006,N/A
https://www.bbb.org/us/ca/folsom/profile/payday-loans/ttg-services-llc-1156-90016843,"TTG Services, LLC","Folsom, CA 95630-4726",N/A,N/A,(866) 225-5956
https://www.bbb.org/us/ca/finley/profile/payday-loans/great-eagle-lending-1116-450542,Great Eagle Lending,"PO Box 632 Finley, CA 95435",N/A,7/2/2012,N/A
https://www.bbb.org/us/ca/arcata/profile/loans/clear-loan-solution-1116-456028,Clear Loan Solution,"600 F Street Suite 3 #721 Arcata, CA 95521",N/A,N/A,N/A
https://www.bbb.org/us/ca/san-francisco/profile/payday-loans/golden-gate-pay-day-1116-541539,Golden Gate Pay Day,"2443 Fillmore St # 380-2439 San Francisco, CA 94115",N/A,N/A,N/A
https://www.bbb.org/us/wa/seattle/profile/payday-loans/loan-zone-1296-22171672,Loan Zone,"10457 Renton Ave S Seattle, WA 98178-2350",N/A,N/A,N/A
https://www.bbb.org/us/wa/shelton/profile/payday-loans/money-depot-1296-22202629,Money Depot,"328 W Railroad Ave Shelton, WA 98584-3543",https://www.facebook.com/Money-Depot-113036702092772/,10/20/2004,N/A
https://www.bbb.org/us/tx/buda/profile/payday-loans/approved-money-center-0825-1000100894,Approved Money Center,"1671 Main Street Suite K Buda, TX 78610",https://www.approvedmoneycenter.com/,N/A,(888) 430-2626
https://www.bbb.org/us/tx/buda/profile/payday-loans/approved-money-center-0825-1000100894,Approved Money Center,"1671 Main Street Suite K Buda, TX 78610",https://www.approvedmoneycenter.com/,N/A,(888) 430-2626
https://www.bbb.org/us/tx/buda/profile/payday-loans/approved-money-center-0825-1000100894,Approved Money Center,"1671 Main Street Suite K Buda, TX 78610",https://www.approvedmoneycenter.com/,N/A,(888) 430-2626
https://www.bbb.org/us/tx/buda/profile/payday-loans/approved-money-center-0825-1000100894,Approved Money Center,"1671 Main Street Suite K Buda, TX 78610",https://www.approvedmoneycenter.com/,N/A,(888) 430-2626
https://www.bbb.org/us/mo/jefferson-city/profile/credit-services/a-plus-cash-advance-0734-310257596,A Plus Cash Advance,"2407 Missouri Blvd Jefferson City, MO 65109-4701",N/A,N/A,N/A
https://www.bbb.org/us/mo/saint-louis/profile/loans/title-loan-co-0734-310284255,Title Loan Co,"1809 Olive St Saint Louis, MO 63103-1722",N/A,2/7/2000,(636) 349-5700
https://www.bbb.org/us/mo/saint-louis/profile/loans/title-loan-co-0734-310284255,Title Loan Co,"1809 Olive St Saint Louis, MO 63103-1722",N/A,2/7/2000,(636) 349-5700
https://www.bbb.org/us/il/mount-vernon/profile/payday-loans/cash-store-0734-310329131,Cash Store,"3300 Broadway St STE E Mount Vernon, IL 62864-2352",N/A,1/1/1997,N/A
https://www.bbb.org/us/mo/saint-louis/profile/consumer-finance-companies/loan-express-0734-310415103,Loan Express,"1728 Olive St Saint Louis, MO 63103-1721",N/A,N/A,N/A
https://www.bbb.org/us/il/carbondale/profile/payday-loans/cash-store-0734-310446028,Cash Store,"401 E. Walnut St Carbondale, IL 62901-3020",https://www.cashstore.com,1/1/1999,(618) 529-2132
https://www.bbb.org/us/mo/fredericktown/profile/payday-loans/lendnation-0734-310617281,LendNation,"119 W. Main St. Fredericktown, MO 63645",https://www.lendnation.com,N/A,N/A
https://www.bbb.org/us/mo/saint-peters/profile/payday-loans/missouri-payday-loan-0734-1000001620,Missouri Payday Loan,"1140 Birdie Hills Rd # R Saint Peters, MO 63376",N/A,N/A,N/A
https://www.bbb.org/us/mn/bloomington/profile/payday-loans/neighborhood-financial-services-inc-0704-1000016599,"Neighborhood Financial Services, Inc.","1722 East Old Shakopee Rd Bloomington, MN 55425",N/A,N/A,N/A
https://www.bbb.org/us/wa/tacoma/profile/payday-loans/qwik-cash-loans-1296-22783279,Qwik Cash Loans,"Tacoma, WA 98407",https://www.qwikcashloans.com,N/A,N/A
https://www.bbb.org/us/wa/seattle/profile/payday-loans/payday-advance-loans-us-1296-22505041,Payday Advance Loans US,"Seattle, WA 98104-2818",N/A,N/A,N/A
https://www.bbb.org/us/wa/puyallup/profile/payday-loans/allied-cash-advance-1296-22512449,Allied Cash Advance,"11012 Canyon Rd E Ste 10 Puyallup, WA 98373-4200",https://www.alliedcash.com,N/A,N/A
https://www.bbb.org/us/wa/seattle/profile/payday-loans/fast-loans-services-1296-22689903,Fast Loans Services,"1515 Brookway Drive Seattle, WA 98113",N/A,N/A,N/A
https://www.bbb.org/us/wa/longview/profile/payday-loans/american-payday-loan-1296-22725908,American Payday Loan,"1356 18th Ave Longview, WA 98632",N/A,N/A,N/A
https://www.bbb.org/us/il/chicago/profile/tax-return-preparation/expedient-tax-inc-0654-90031997,Expedient Tax Inc.,"1533 N Western Ave Chicago, IL 60622-7610",https://www.expedienttax.com,N/A,N/A
https://www.bbb.org/us/tx/pharr/profile/payday-loans/vin-title-llc-dba-discount-title-loan-0915-90059259,Vin Title LLC DBA Discount Title loan,"318 N Cage Blvd Pharr, TX 78577",https://dtloans.com/home/pharr-tx-title-loans,N/A,N/A
https://www.bbb.org/us/tx/austin/profile/payday-loans/arizonapersonalloanscom-0825-1000104935,Arizonapersonalloans.com,"Austin, TX 78755-0400",N/A,N/A,N/A
https://www.bbb.org/us/tx/austin/profile/payday-loans/arizonapersonalloanscom-0825-1000104935/details,Arizonapersonalloans.com,"Austin, TX 78755-0400",N/A,N/A,N/A
https://www.bbb.org/us/oh/lancaster/profile/payday-loans/financial-service-centers-of-ohio-llc-0302-70095267,"Financial Service Centers of Ohio, LLC","Lancaster, OH 43130-1635",https://www.cashmaxohio.com,N/A,(740) 654-6553
https://www.bbb.org/us/oh/lancaster/profile/payday-loans/financial-service-centers-of-ohio-llc-0302-70095267,"Financial Service Centers of Ohio, LLC","Lancaster, OH 43130-1635",https://www.cashmaxohio.com,N/A,(740) 654-6553
https://www.bbb.org/us/oh/lancaster/profile/payday-loans/financial-service-centers-of-ohio-llc-0302-70095267,"Financial Service Centers of Ohio, LLC","Lancaster, OH 43130-1635",https://www.cashmaxohio.com,N/A,(740) 654-6553
https://www.bbb.org/us/oh/lancaster/profile/payday-loans/financial-service-centers-of-ohio-llc-0302-70095267,"Financial Service Centers of Ohio, LLC","Lancaster, OH 43130-1635",https://www.cashmaxohio.com,N/A,(740) 654-6553
https://www.bbb.org/us/oh/lancaster/profile/payday-loans/financial-service-centers-of-ohio-llc-0302-70095267,"Financial Service Centers of Ohio, LLC","Lancaster, OH 43130-1635",https://www.cashmaxohio.com,N/A,(740) 654-6553
https://www.bbb.org/us/wa/spokane-valley/profile/payday-loans/personal-money-store-1296-1000035602,Personal Money Store,"1825 N Hutchinson Rd Ste 201 Spokane Valley, WA 99212",https://personalmoneystore.com/,N/A,N/A
https://www.bbb.org/us/tx/austin/profile/payday-loans/cash-advance-usa-0825-1000104141,Cash Advance USA,"401 Congress Ave Austin, TX 78701",https://www.cashadvanceusa.net,N/A,N/A
https://www.bbb.org/us/il/montgomery/profile/payday-loans/short-term-loans-llc-oswegomontgomery-0654-90009246,"Short Term Loans, LLC - Oswego/Montgomery","1977 Douglas Rd Montgomery, IL 60538-2470",https://www.shorttermloans.com/,N/A,N/A
https://www.bbb.org/us/mt/bozeman/profile/title-loans/title-cash-of-bozeman-1296-64197557,Title Cash of Bozeman,"204 N 7th Ave. Bozeman, MT 59715",N/A,N/A,N/A
https://www.bbb.org/us/id/lewiston/profile/payday-loans/ezmoney-payday-loans-1296-1000000393,Ezmoney Payday Loans,"736 21st St Ste D Lewiston, ID 83501",N/A,N/A,N/A
https://www.bbb.org/us/wa/vancouver/profile/payday-loans/evergreen-payee-service-1296-1000033011,Evergreen Payee Service,"PO Box 61466 Vancouver, WA 98666-1466",N/A,N/A,N/A
https://www.bbb.org/us/ca/sacramento/profile/advance-fee-brokers/24bizbiz-1156-90025065,24Biz.biz,"2021 3rd St Sacramento, CA 95818-1111",https://24biz.biz,N/A,N/A
https://www.bbb.org/us/pa/pittsburgh/profile/payday-loans/pittsburgh-payday-loan-solution-0141-71024609,Pittsburgh PayDay Loan Solution,"1002 Fifth Avenue Pittsburgh, PA 15219",https://pittsburgh.paydayloansolution.net,7/31/2014,N/A
https://www.bbb.org/us/oh/north-olmsted/profile/payday-loans/first-american-loans-0312-92016935,First American Loans,"23575 Lorain Rd North Olmsted, OH 44070-2219",https://www.purposefinancialservices.com,N/A,N/A
https://www.bbb.org/us/ms/kosciusko/profile/payday-loans/kosciusko-check-delay-0523-235831947,Kosciusko Check Delay,"102 N Jackson St Kosciusko, MS 39090-3730",N/A,N/A,N/A
https://www.bbb.org/us/ny/new-york/profile/workathome-companies/union-holmes-savings-and-loan-0121-163010,Union Holmes Savings and Loan,"315 Madison Ave New York, NY 10017-5405",N/A,N/A,(646) 801-1990
https://www.bbb.org/us/mt/box-elder/profile/payday-loans/splash-cash-advance-1296-1000004922,Splash Cash Advance,"93 Mack Road, Suite 500 Box Elder, MT 59521",N/A,1/7/2011,N/A
https://www.bbb.org/us/wa/spokane/profile/payday-loans/american-payday-direct-1296-1000025568,American Payday Direct,"1500 W 4th Ave Spokane, WA 99201-7257",N/A,N/A,N/A
https://www.bbb.org/us/mt/box-elder/profile/payday-loans/bear-paw-cash-llc-1296-1000025084,"Bear Paw Cash, LLC","93 Mack Road, Suite 800 Box Elder, MT 59521",https://www.bearpawcash.com,N/A,N/A
https://www.bbb.org/us/pa/pittsburgh/profile/payday-loans/samedaypayday-0141-71023865,samedaypayday,"1030 Hill Ave Pittsburgh, PA 15221-1975",https://www.samedaypayday.com/Pennsylvania-Payday-Loan,N/A,N/A
https://www.bbb.org/us/mo/bonne-terre/profile/convenience-store/cheap-smokes-and-loans-0734-1000028472,Cheap Smokes and Loans,"914 Benham St Bonne Terre, MO 63628-1306",https://www.cheapsmokesandloans.com/,1/1/2000,(573) 358-4040
https://www.bbb.org/us/tx/corsicana/profile/payday-loans/the-loan-depot-0825-1000100321,The Loan Depot,"310 E 7th Ave Ste A Corsicana, TX 75110-6500",N/A,N/A,N/A
https://www.bbb.org/us/in/indianapolis/profile/payday-loans/ace-cash-express-0382-90022244,Ace Cash Express,"Indianapolis, IN 46240",https://www.acecashexpress.com,N/A,N/A
https://www.bbb.org/us/il/des-plaines/profile/payday-loans/americash-loans-llc-0654-28003262,"AmeriCash Loans, L.L.C.","2400 E Devon Ave Ste 300 Des Plaines, IL 60018-4600",https://www.americashloans.net,1/1/1998,(847) 827-9740
https://www.bbb.org/us/il/des-plaines/profile/payday-loans/americash-loans-llc-0654-28003262,"AmeriCash Loans, L.L.C.","2400 E Devon Ave Ste 300 Des Plaines, IL 60018-4600",https://www.americashloans.net,1/1/1998,(847) 827-9740
https://www.bbb.org/us/il/des-plaines/profile/payday-loans/americash-loans-llc-0654-28003262,"AmeriCash Loans, L.L.C.","2400 E Devon Ave Ste 300 Des Plaines, IL 60018-4600",https://www.americashloans.net,1/1/1998,(847) 827-9740
https://www.bbb.org/us/ca/san-diego/profile/check-cashing-services/moneytree-1126-1037378,Moneytree,"3331 Palm Ave #B San Diego, CA 92154",https://www.moneytreeinc.com,N/A,(619) 465-9400
https://www.bbb.org/us/ca/san-diego/profile/check-cashing-services/moneytree-1126-1037378,Moneytree,"3331 Palm Ave #B San Diego, CA 92154",https://www.moneytreeinc.com,N/A,(619) 465-9400
https://www.bbb.org/us/ca/san-diego/profile/check-cashing-services/moneytree-1126-1037378,Moneytree,"3331 Palm Ave #B San Diego, CA 92154",https://www.moneytreeinc.com,N/A,(619) 465-9400
https://www.bbb.org/us/ca/anaheim/profile/check-cashing-services/payday-money-centers-1126-28001308,Payday Money Centers,"300 S Harbor Blvd #500 Anaheim, CA 92805",https://www.paydaymoneycenters.com/,N/A,(760) 942-0566
https://www.bbb.org/us/ca/anaheim/profile/check-cashing-services/payday-money-centers-1126-28001308,Payday Money Centers,"300 S Harbor Blvd #500 Anaheim, CA 92805",https://www.paydaymoneycenters.com/,N/A,(760) 942-0566
https://www.bbb.org/us/ca/anaheim/profile/check-cashing-services/payday-money-centers-1126-28001308,Payday Money Centers,"300 S Harbor Blvd #500 Anaheim, CA 92805",https://www.paydaymoneycenters.com/,N/A,(760) 942-0566
https://www.bbb.org/us/ca/anaheim/profile/check-cashing-services/payday-money-centers-1126-28001308,Payday Money Centers,"300 S Harbor Blvd #500 Anaheim, CA 92805",https://www.paydaymoneycenters.com/,N/A,(760) 942-0566
https://www.bbb.org/us/ca/anaheim/profile/check-cashing-services/payday-money-centers-1126-28001308,Payday Money Centers,"300 S Harbor Blvd #500 Anaheim, CA 92805",https://www.paydaymoneycenters.com/,N/A,(760) 942-0566
https://www.bbb.org/us/ca/anaheim/profile/check-cashing-services/payday-money-centers-1126-28001308,Payday Money Centers,"300 S Harbor Blvd #500 Anaheim, CA 92805",https://www.paydaymoneycenters.com/,N/A,(760) 942-0566
https://www.bbb.org/us/ca/anaheim/profile/check-cashing-services/payday-money-centers-1126-28001308,Payday Money Centers,"300 S Harbor Blvd #500 Anaheim, CA 92805",https://www.paydaymoneycenters.com/,N/A,(760) 942-0566
https://www.bbb.org/us/ca/san-diego/profile/payday-loans/abc-wages-1126-172005885,ABC Wages,"3755 John J Montgomery Dr San Diego, CA 92123",N/A,N/A,N/A
https://www.bbb.org/us/ca/san-diego/profile/payday-loans/payday-advance-credit-1126-172014781,Payday Advance Credit,"39th ST El Cajon Blvd #B San Diego, CA 92105",https://www.paydayadvancecredit.com,N/A,N/A
https://www.bbb.org/us/ca/carlsbad/profile/loans/checkmate-1126-1022699,Checkmate,"5800 Armada Dr #240 Carlsbad, CA 92008",https://www.callcheckmate.com,N/A,(866) 722-2274
https://www.bbb.org/us/ca/carlsbad/profile/loans/checkmate-1126-1022699,Checkmate,"5800 Armada Dr #240 Carlsbad, CA 92008",https://www.callcheckmate.com,N/A,(866) 722-2274
https://www.bbb.org/us/ca/carlsbad/profile/loans/checkmate-1126-1022699,Checkmate,"5800 Armada Dr #240 Carlsbad, CA 92008",https://www.callcheckmate.com,N/A,(866) 722-2274
https://www.bbb.org/us/ca/carlsbad/profile/loans/checkmate-1126-1022699,Checkmate,"5800 Armada Dr #240 Carlsbad, CA 92008",https://www.callcheckmate.com,N/A,(866) 722-2274
https://www.bbb.org/us/ca/carlsbad/profile/loans/checkmate-1126-1022699,Checkmate,"5800 Armada Dr #240 Carlsbad, CA 92008",https://www.callcheckmate.com,N/A,(866) 722-2274
https://www.bbb.org/us/ca/carlsbad/profile/loans/checkmate-1126-1022699,Checkmate,"5800 Armada Dr #240 Carlsbad, CA 92008",https://www.callcheckmate.com,N/A,(866) 722-2274
https://www.bbb.org/us/ca/carlsbad/profile/loans/checkmate-1126-1022699,Checkmate,"5800 Armada Dr #240 Carlsbad, CA 92008",https://www.callcheckmate.com,N/A,(866) 722-2274
https://www.bbb.org/us/ca/carlsbad/profile/loans/checkmate-1126-1022699,Checkmate,"5800 Armada Dr #240 Carlsbad, CA 92008",https://www.callcheckmate.com,N/A,(866) 722-2274
https://www.bbb.org/us/ca/carlsbad/profile/loans/checkmate-1126-1022699,Checkmate,"5800 Armada Dr #240 Carlsbad, CA 92008",https://www.callcheckmate.com,N/A,(866) 722-2274
https://www.bbb.org/us/ca/carlsbad/profile/loans/checkmate-1126-1022699,Checkmate,"5800 Armada Dr #240 Carlsbad, CA 92008",https://www.callcheckmate.com,N/A,(866) 722-2274
https://www.bbb.org/us/ca/carlsbad/profile/loans/checkmate-1126-1022699,Checkmate,"5800 Armada Dr #240 Carlsbad, CA 92008",https://www.callcheckmate.com,N/A,(866) 722-2274
https://www.bbb.org/us/ca/boulevard/profile/payday-loans/greenstream-lending-1126-172008103,GreenStream Lending,"8 Crestwood Rd Boulevard, CA 91905",N/A,N/A,N/A
https://www.bbb.org/us/ca/irvine/profile/payday-loans/advance-payday-inc-1126-13084402,Advance Payday Inc,"2222 Michelson Dr #224 Irvine, CA 92612",https://www.advancepayday.cc/,9/1/1998,(714) 848-5100
https://www.bbb.org/us/ca/san-diego/profile/payday-loans/kenwood-services-llc-1126-172000531,Kenwood Services LLC,"1111 6th Ave #300 San Diego, CA 92101",https://www.kenwoodservicellcloan.com,N/A,N/A
https://www.bbb.org/us/ca/santa-ana/profile/jewelry-stores/downtown-jewelry-loans-1126-172009898,Downtown Jewelry & Loans,"314 W 4th St Santa Ana, CA 92701",N/A,N/A,N/A
https://www.bbb.org/us/ca/irvine/profile/payday-loans/qwik-cash-loans-1126-172021720,Qwik Cash Loans,"9144 Irvine Center Dr irvine, CA 92618",N/A,N/A,N/A
https://www.bbb.org/us/al/birmingham/profile/check-cashing-services/check-depot-0463-60001159,Check Depot,"22 Phillips Dr Birmingham, AL 35228-2233",https://thecheckdepot.com,N/A,(205) 940-2274
https://www.bbb.org/us/al/birmingham/profile/check-cashing-services/check-depot-0463-60001159,Check Depot,"22 Phillips Dr Birmingham, AL 35228-2233",https://thecheckdepot.com,N/A,(205) 940-2274
https://www.bbb.org/us/al/birmingham/profile/check-cashing-services/check-depot-0463-60001159,Check Depot,"22 Phillips Dr Birmingham, AL 35228-2233",https://thecheckdepot.com,N/A,(205) 940-2274
https://www.bbb.org/us/al/tuscaloosa/profile/payday-loans/cash-4-u-net-0463-90005947,Cash 4 U Net,"3310 McFarland Blvd E # A Tuscaloosa, AL 35405-2424",N/A,N/A,N/A
https://www.bbb.org/us/nh/claremont/profile/payday-loans/usa-pay-day-loans-0051-92023903,Usa Pay Day Loans,"425 Washington Street Ste3 #104 Claremont, NH 03743",N/A,N/A,N/A
https://www.bbb.org/us/al/livingston/profile/payday-loans/cash-2-go-0463-90104723,Cash-2-Go,"926 N Washington St Livingston, AL 35470",https://www.titlecash.com/,N/A,N/A
https://www.bbb.org/us/al/selma/profile/title-loans/speedee-cash-0463-90145476,Speedee Cash,"301 Highland Ave Selma, AL 36701-6224",N/A,N/A,N/A
https://www.bbb.org/us/al/foley/profile/payday-loans/emergi-cash-0463-90149144,Emergi-Cash,"1147 N McKenzie St Foley, AL 36535-3550",https://www.emergi-cash.com/home.html,N/A,(251) 937-8807
https://www.bbb.org/us/al/foley/profile/payday-loans/emergi-cash-0463-90149144,Emergi-Cash,"1147 N McKenzie St Foley, AL 36535-3550",https://www.emergi-cash.com/home.html,N/A,(251) 937-8807
https://www.bbb.org/us/fl/belleview/profile/payday-loans/cash-kwik-florida-inc-0733-90197157,Cash Kwik Florida Inc.,"5827 SE Abshier Blvd Belleview, FL 34420-4027",N/A,N/A,(352) 493-7475
https://www.bbb.org/us/fl/winter-springs/profile/debt-repayment-plan/real-payday-loan-help-0733-90206048,Real Payday Loan Help,"5703 Red Bug Lake Rd # 283 Winter Springs, FL 32708-4969",N/A,N/A,N/A
https://www.bbb.org/us/fl/merritt-island/profile/collections-agencies/jd-marketing-0733-90313242,JD Marketing,"492 Tina Pl Merritt Island, FL 32952-4041",https://www.jdmarketing.co.uk/,N/A,(860) 726-7969
https://www.bbb.org/us/ca/oakland/profile/tax-representative/tax-business-services-of-oakland-1116-940970,Tax & Business Services of Oakland,"1684 7th St Oakland, CA 94607-1351",https://www.taxandbusinessservice.com/,N/A,N/A
https://www.bbb.org/us/tn/murfreesboro/profile/payday-loans/first-cash-0573-37006165,First Cash,"220 West Northfield Blvd Murfreesboro, TN 37129",https://www.firstcashtn.com,N/A,N/A
https://www.bbb.org/us/tn/shelbyville/profile/payday-loans/service-loan-company-0573-37137046,Service loan company,"901 1/2 Madison St Shelbyville, TN 37160-2812",N/A,N/A,(931) 408-4018
https://www.bbb.org/us/fl/clearwater/profile/payday-loans/usa-quick-cash-loans-phony-business-0653-90281363,USA Quick Cash Loans (Phony Business),"300 Park Place Blvd Clearwater, FL 33759-4932",N/A,N/A,(727) 242-6693
https://www.bbb.org/us/fl/fort-myers/profile/advance-fee-brokers/direct-loan-company-0653-90319824,Direct Loan Company,"Fort Myers Fort Myers, FL 33917",N/A,N/A,(844) 478-6999
https://www.bbb.org/us/nv/las-vegas/profile/loans/check-city-1086-76110,Check City,"7350 W Cheyenne Ave Ste 111 Las Vegas, NV 89129-7407",https://www.checkcity.com/,1/10/2002,(702) 866-4821
https://www.bbb.org/us/nv/las-vegas/profile/loans/check-city-1086-76110,Check City,"7350 W Cheyenne Ave Ste 111 Las Vegas, NV 89129-7407",https://www.checkcity.com/,1/10/2002,(702) 866-4821
https://www.bbb.org/us/nv/las-vegas/profile/loans/check-city-1086-76110,Check City,"7350 W Cheyenne Ave Ste 111 Las Vegas, NV 89129-7407",https://www.checkcity.com/,1/10/2002,(702) 866-4821
https://www.bbb.org/us/nv/las-vegas/profile/loans/check-city-1086-76110,Check City,"7350 W Cheyenne Ave Ste 111 Las Vegas, NV 89129-7407",https://www.checkcity.com/,1/10/2002,(702) 866-4821
https://www.bbb.org/us/nv/las-vegas/profile/loans/check-city-1086-76110,Check City,"7350 W Cheyenne Ave Ste 111 Las Vegas, NV 89129-7407",https://www.checkcity.com/,1/10/2002,(702) 866-4821
https://www.bbb.org/us/nv/las-vegas/profile/loans/check-city-1086-76110,Check City,"7350 W Cheyenne Ave Ste 111 Las Vegas, NV 89129-7407",https://www.checkcity.com/,1/10/2002,(702) 866-4821
https://www.bbb.org/us/nv/las-vegas/profile/loans/check-city-1086-76110,Check City,"7350 W Cheyenne Ave Ste 111 Las Vegas, NV 89129-7407",https://www.checkcity.com/,1/10/2002,(702) 866-4821
https://www.bbb.org/us/nv/las-vegas/profile/loans/check-city-1086-76110,Check City,"7350 W Cheyenne Ave Ste 111 Las Vegas, NV 89129-7407",https://www.checkcity.com/,1/10/2002,(702) 866-4821
https://www.bbb.org/us/nv/las-vegas/profile/payday-loans/vip-cash-fast-1086-90011372,VIP Cash Fast,"848 N Rainbow Blvd # 2971 Las Vegas, NV 89107-1103",https://www.vipcashfast.com,N/A,N/A
https://www.bbb.org/us/nv/henderson/profile/payday-loans/ilenderast-1086-90011894,iLenderAst,"2831 Saint Rose Pkwy Ste 200 Henderson, NV 89052-4841",N/A,N/A,N/A
https://www.bbb.org/us/nv/henderson/profile/payday-loans/ilenderast-1086-90011894,iLenderAst,"2831 Saint Rose Pkwy Ste 200 Henderson, NV 89052-4841",N/A,N/A,N/A
https://www.bbb.org/us/nv/henderson/profile/payday-loans/hawk-blue-financial-llc-1086-90018432,Hawk Blue Financial LLC,"1489 W Warm Springs Rd Ste 110 Henderson, NV 89014-7367",N/A,N/A,N/A
https://www.bbb.org/us/nv/las-vegas/profile/payday-loans/mountaintop-payday-loans-1086-90023200,Mountaintop Payday Loans,"5940 S Rainbow Blvd Las Vegas, NV 89118-2506",N/A,N/A,N/A
https://www.bbb.org/us/nv/las-vegas/profile/loans/on-call-cash-1086-79666,On Call Cash,"467 E Silverado Ranch Blvd STE 110 Las Vegas, NV 89183-6275",https://oncallcashlv.com/,10/12/2007,(702) 248-0020
